{
    "2": -1.1100654520858422,
    "3": -0.9735073596140852,
    "6": -0.5638330821988146,
    "12": 0.2555154726317267,
    "9": -0.1541588047835439,
    "14": 0.5286316575752404,
    "5": -0.7003911746705714,
    "10": 0.1189573801599698,
    "11": -0.7003911746705714,
    "16": -0.8369492671423284,
    "4": -0.5638330821988146,
    "15": -0.9735073596140852,
    "13": -0.4272749897270577,
    "7": 1.074864027462268,
    "18": 1.484538304877539,
    "21": 3.259793507010378,
    "34": 0.2555154726317267,
    "8": 0.2555154726317267,
    "33": -0.5638330821988146,
    "19": -0.017600712311787,
    "1": -0.7003911746705714,
    "25": -1.1100654520858422,
    "38": -0.5638330821988146,
    "20": -0.4272749897270577,
    "17": 0.5286316575752404,
    "36": 0.2555154726317267,
    "22": -0.5638330821988146,
    "37": 1.211422119934025,
    "24": 1.3479802124057818,
    "23": -0.8369492671423284,
    "28": -0.9735073596140852,
    "32": 0.6651897500469974,
    "0": -0.4272749897270577,
    "31": -0.017600712311787,
    "27": -0.9735073596140852,
    "41": 0.1189573801599698,
    "26": -0.5638330821988146,
    "29": -0.5638330821988146,
    "30": -0.2907168972553008,
    "40": 1.3479802124057818,
    "35": 0.5286316575752404,
    "39": 2.7135611371233503,
    "43": -0.017600712311787,
    "42": -0.1541588047835439,
    "44": -0.9735073596140852
}