{
    "40.0": -1.0912392869384822,
    "100.0": -0.347863852901708,
    "120.0": -0.1000720415561165,
    "200.0": 0.8910952038262491,
    "150.0": 0.2716156754622705,
    "10.0": -1.4629270039568694,
    "55.0": -0.9053954284292888,
    "95.0": -0.4098118057381058,
    "170.0": -0.4717597585745037,
    "90.0": 1.5105747321902276,
    "250.0": -0.9673433812656864,
    "50.0": -1.4629270039568694,
    "400.0": -0.5337077114109016,
    "85.0": -1.0912392869384822,
    "190.0": -0.4717597585745037,
    "130.0": -0.1000720415561165,
    "300.0": 0.8910952038262491,
    "5.0": 0.519407486807862,
    "160.0": 0.519407486807862,
    "75.0": -0.1000720415561165,
    "450.0": 0.8910952038262491,
    "350.0": -0.2239679472289122,
    "110.0": -1.4629270039568694,
    "0.0": -0.347863852901708,
    "140.0": -1.215135192611278,
    "30.0": 0.8910952038262491,
    "180.0": -1.0292913341020844,
    "45.0": -1.586822909629665,
    "80.0": 0.6433033924806576,
    "15.0": 0.519407486807862,
    "70.0": -0.347863852901708,
    "20.0": -0.7195515699200951,
    "65.0": 3.988492845646142,
    "35.0": 0.0238238641166791,
    "25.0": -0.5337077114109016,
    "60.0": -0.4717597585745037
}