{
    "Renault": 0.1093723325556251,
    "Dacia": 0.0865532350765378,
    "Hyundai": 0.0570761964377169,
    "Ford": 0.045524383998179,
    "Toyota": 0.0271439139589142,
    "Citroen": 0.0344847208786206,
    "Peugeot": 0.0800091048767996,
    "Seat": 0.1093723325556251,
    "Mercedes-Benz": 0.1093723325556251,
    "DFSK": 0.0476298867580948,
    "Fiat": 0.0570761964377169,
    "Volkswagen": 0.0424514880783019,
    "Audi": 0.0102429863995902,
    "Honda": 0.045524383998179,
    "Volvo": 0.0570761964377169,
    "Opel": 0.0865532350765378,
    "Jeep": 0.1193876970352244,
    "Land Rover": 0.0344847208786206,
    "Mazda": 0.0181528481192738,
    "Kia": 0.0865532350765378,
    "BMW": 0.1193876970352244,
    "Skoda": 0.1193876970352244,
    "Dodge": 0.1193876970352244,
    "Mini": 0.1193876970352244,
    "Porsche": 0.0800091048767996,
    "Jaguar": 0.0055198315597792,
    "Suzuki": 0.0360211688385591,
    "Chevrolet": 0.1093723325556251,
    "Alfa Romeo": 0.1093723325556251,
    "Nissan": 0.0476298867580948,
    "Maserati": 0.0344847208786206,
    "Mitsubishi": 0.0476298867580948,
    "Mahindra": 0.1193876970352244,
    "Ssangyong": 0.0570761964377169,
    "Tesla": 0.1093723325556251,
    "Chery": 0.0570761964377169,
    "Foton": 0.1193876970352244,
    "Autres": 0.0344847208786206,
    "Daihatsu": 0.0115518124395379,
    "DS": 0.1093723325556251,
    "Lexus": 0.0063165082797473,
    "MG": 0.0800091048767996,
    "Cupra": 0.0865532350765378,
    "Rover": 0.0025607465998975,
    "Lancia": 0.0032436123598702,
    "Abarth": 0.0360211688385591,
    "GWM Motors": 0.0170147385193194,
    "Iveco": 0.045524383998179,
    "Changan": 0.0271439139589142,
    "Faw": 0.0063165082797473,
    "Isuzu": 0.1193876970352244,
    "BYD": 0.045524383998179,
    "Tata": 0.0800091048767996,
    "Chrysler": 0.0570761964377169,
    "Geely": 0.0728390143970864,
    "Daewoo": 0.1093723325556251,
    "Infiniti": 0.045524383998179,
    "GAZ": 0.0800091048767996,
    "Smart": 0.0800091048767996,
    "Zotye": 0.1093723325556251
}