{
    "6.0": -0.743596211215475,
    "8.0": -0.2315519119820376,
    "7.0": 0.2804923872513998,
    "9.0": -0.743596211215475,
    "10.0": -0.743596211215475,
    "5.0": 0.7925366864848372,
    "12.0": 0.7925366864848372,
    "11.0": -1.2556405104489126,
    "17.0": 0.2804923872513998,
    "13.0": 0.7925366864848372,
    "4.0": -0.743596211215475,
    "18.0": -0.743596211215475,
    "20.0": 1.816625284951712,
    "16.0": 1.3045809857182746,
    "14.0": 1.816625284951712,
    "15.0": 0.7925366864848372,
    "19.0": -0.743596211215475
}